"Sample_ID","Pseudotime","State","Cluster","Tissue_Type"
"TCGA-44-6775-01C",0,"1","NA","Tumor"
"TCGA-44-6147-01B",0.226998615928431,"1","NA","Tumor"
"TCGA-44-6146-01B",1.23642193210448,"1","NA","Tumor"
"TCGA-44-5645-01B",1.37789804332742,"1","NA","Tumor"
"TCGA-44-2656-01B",2.33812564894505,"1","NA","Tumor"
"TCGA-44-2665-01B",2.71936453771988,"1","NA","Tumor"
"TCGA-44-3918-01B",3.69120242822318,"1","NA","Tumor"
"TCGA-44-4112-01B",3.78461229538497,"1","NA","Tumor"
"TCGA-44-3917-01B",4.21879823997092,"1","NA","Tumor"
"TCGA-44-2666-01B",5.90697892534805,"1","NA","Tumor"
"TCGA-55-7815-01A",8.44804150082427,"1","NA","Tumor"
"TCGA-55-7724-01A",10.6735996954518,"1","NA","Tumor"
"TCGA-55-7727-01A",11.7531093728897,"1","NA","Tumor"
"TCGA-55-7725-01A",11.7755855716524,"1","NA","Tumor"
"TCGA-44-3917-01A",12.2950510661685,"1","NA","Tumor"
"TCGA-44-3918-01A",12.6576762707746,"1","NA","Tumor"
"TCGA-44-2656-01A",12.8565724798607,"1","NA","Tumor"
"TCGA-78-7155-01A",13.2097175588481,"1","NA","Tumor"
"TCGA-44-2665-01A",13.2599572433787,"1","NA","Tumor"
"TCGA-55-7726-01A",13.7591922818794,"1","NA","Tumor"
"TCGA-62-A46O-01A",14.1253523920488,"1","NA","Tumor"
"TCGA-05-4427-01A",14.2953475725229,"1","NA","Tumor"
"TCGA-86-7701-01A",14.602877519485,"1","NA","Tumor"
"TCGA-44-7669-01A",14.607367131895,"1","NA","Tumor"
"TCGA-44-4112-01A",14.6395330489513,"1","NA","Tumor"
"TCGA-55-A4DF-01A",14.9181178045629,"1","NA","Tumor"
"TCGA-91-6829-01A",15.6116944036727,"1","NA","Tumor"
"TCGA-53-7813-01A",15.9692375779559,"1","NA","Tumor"
"TCGA-64-5779-01A",16.4221206275208,"1","NA","Tumor"
"TCGA-44-A479-01A",16.5286011680764,"1","NA","Tumor"
"TCGA-55-6978-01A",17.3088244872394,"1","NA","Tumor"
"TCGA-50-5066-02A",17.3405442695406,"1","NA","Tumor"
"TCGA-44-2668-01A",19.2721189104749,"1","NA","Tumor"
"TCGA-55-6970-01A",19.4002382943954,"1","NA","Tumor"
"TCGA-86-7713-01A",20.2650806665192,"1","NA","Tumor"
"TCGA-55-7994-01A",20.3071774335218,"1","NA","Tumor"
"TCGA-50-5933-01A",20.8773979932574,"1","NA","Tumor"
"TCGA-50-6592-01A",21.762054836353,"1","NA","Tumor"
"TCGA-49-6743-01A",21.8408175065322,"1","NA","Tumor"
"TCGA-83-5908-01A",22.108838000968,"1","NA","Tumor"
"TCGA-05-4424-01A",23.1377678623097,"1","NA","Tumor"
"TCGA-49-6745-01A",23.8844795023933,"1","NA","Tumor"
"TCGA-55-8089-01A",24.2595330650105,"1","NA","Tumor"
"TCGA-MP-A4TF-01A",24.5501000228098,"1","NA","Tumor"
"TCGA-44-7661-01A",26.6753169016674,"2","NA","Tumor"
"TCGA-95-7947-01A",26.7012838014954,"2","NA","Tumor"
"TCGA-91-6840-01A",26.8446517662352,"2","NA","Tumor"
"TCGA-69-A59K-01A",26.9080499250564,"2","NA","Tumor"
"TCGA-62-A472-01A",26.9294512427665,"2","NA","Tumor"
"TCGA-86-8074-01A",26.9943342060092,"2","NA","Tumor"
"TCGA-55-7911-01A",27.0129031013385,"2","NA","Tumor"
"TCGA-50-5936-01A",27.3914690132821,"2","NA","Tumor"
"TCGA-62-A46R-01A",27.8598481399089,"2","NA","Tumor"
"TCGA-97-7937-01A",27.8944717124067,"7","NA","Tumor"
"TCGA-J2-A4AD-01A",27.9923733609077,"2","NA","Tumor"
"TCGA-MP-A4SV-01A",28.4767862048894,"7","NA","Tumor"
"TCGA-86-8075-01A",28.5159305627896,"2","NA","Tumor"
"TCGA-86-8055-01A",28.5370644809107,"2","NA","Tumor"
"TCGA-69-7978-01A",28.5475111223955,"2","NA","Tumor"
"TCGA-44-6145-01A",28.6397497162739,"2","NA","Tumor"
"TCGA-69-7761-01A",28.6643437864406,"2","NA","Tumor"
"TCGA-55-7914-01A",28.7043516588713,"2","NA","Tumor"
"TCGA-55-7907-01A",28.7078627271198,"2","NA","Tumor"
"TCGA-86-7954-01A",28.7139740224788,"2","NA","Tumor"
"TCGA-44-6778-01A",28.7442264551227,"2","NA","Tumor"
"TCGA-78-7143-01A",28.8250352798642,"2","NA","Tumor"
"TCGA-86-7953-01A",29.1128575123903,"7","NA","Tumor"
"TCGA-44-8119-01A",29.1232313432176,"7","NA","Tumor"
"TCGA-55-8205-01A",29.1810109484492,"7","NA","Tumor"
"TCGA-50-7109-01A",29.9092793827137,"7","NA","Tumor"
"TCGA-55-8204-01A",29.9423794483775,"2","NA","Tumor"
"TCGA-78-7145-01A",29.9670643785825,"7","NA","Tumor"
"TCGA-50-5946-02A",29.9932725868336,"2","NA","Tumor"
"TCGA-55-6987-01A",29.9964102818747,"2","NA","Tumor"
"TCGA-50-5939-01A",30.0910944275924,"2","NA","Tumor"
"TCGA-55-7576-01A",30.2142931167129,"2","NA","Tumor"
"TCGA-55-8092-01A",30.3905147890956,"2","NA","Tumor"
"TCGA-50-5932-01A",30.4865646923568,"2","NA","Tumor"
"TCGA-75-6205-01A",30.5031594772924,"2","NA","Tumor"
"TCGA-64-1679-01A",30.5088043824645,"2","NA","Tumor"
"TCGA-44-A4SS-01A",30.5178325689466,"2","NA","Tumor"
"TCGA-91-6828-01A",30.5310954199479,"2","NA","Tumor"
"TCGA-44-6775-01A",30.5752980795059,"2","NA","Tumor"
"TCGA-86-8073-01A",30.6650834213604,"2","NA","Tumor"
"TCGA-69-7973-01A",30.7613978876943,"7","NA","Tumor"
"TCGA-78-7159-01A",30.767321028909,"7","NA","Tumor"
"TCGA-MP-A4SY-01A",31.3392734579793,"2","NA","Tumor"
"TCGA-75-5125-01A",31.3766814941884,"7","NA","Tumor"
"TCGA-55-6642-01A",31.4334336106051,"2","NA","Tumor"
"TCGA-69-7765-01A",31.435927502018,"2","NA","Tumor"
"TCGA-78-7158-01A",31.5926887878007,"2","NA","Tumor"
"TCGA-44-6779-01A",31.6215928547699,"2","NA","Tumor"
"TCGA-78-7160-01A",31.67345626331,"2","NA","Tumor"
"TCGA-55-7995-01A",31.8202127992813,"2","NA","Tumor"
"TCGA-55-7903-01A",31.9486510416189,"2","NA","Tumor"
"TCGA-50-5946-01A",31.9615577652256,"7","NA","Tumor"
"TCGA-78-7148-01A",32.1211934816185,"2","NA","Tumor"
"TCGA-05-4417-01A",32.1309182183314,"2","NA","Tumor"
"TCGA-55-A48Y-01A",32.4741925838349,"7","NA","Tumor"
"TCGA-55-7910-01A",32.9623749028545,"7","NA","Tumor"
"TCGA-95-A4VN-01A",32.994649158587,"2","NA","Tumor"
"TCGA-L9-A7SV-01A",33.0300341751664,"2","NA","Tumor"
"TCGA-69-7760-01A",33.173649603582,"7","NA","Tumor"
"TCGA-91-6830-01A",33.7648174691533,"2","NA","Tumor"
"TCGA-05-4396-01A",33.7699227326921,"2","NA","Tumor"
"TCGA-55-8203-01A",33.8013355463979,"2","NA","Tumor"
"TCGA-62-8399-01A",33.8126322860975,"2","NA","Tumor"
"TCGA-62-A470-01A",33.928659099036,"2","NA","Tumor"
"TCGA-99-8032-01A",33.9551860296667,"2","NA","Tumor"
"TCGA-75-6207-01A",34.3336058970707,"7","NA","Tumor"
"TCGA-55-6982-01A",34.6106885026344,"2","NA","Tumor"
"TCGA-50-5049-01A",34.6677157328754,"2","NA","Tumor"
"TCGA-97-7554-01A",34.6784426459761,"2","NA","Tumor"
"TCGA-50-5930-01A",34.6815866533951,"2","NA","Tumor"
"TCGA-75-5122-01A",34.6957970550078,"2","NA","Tumor"
"TCGA-44-8117-01A",34.7273578296052,"2","NA","Tumor"
"TCGA-55-6971-01A",34.7761587051692,"2","NA","Tumor"
"TCGA-55-6979-01A",34.7815316319089,"2","NA","Tumor"
"TCGA-44-6774-01A",34.923415047608,"2","NA","Tumor"
"TCGA-55-A494-01A",34.9243849632624,"2","NA","Tumor"
"TCGA-55-6712-01A",34.9532174616456,"2","NA","Tumor"
"TCGA-05-4410-01A",35.0055304362642,"2","NA","Tumor"
"TCGA-86-6851-01A",35.0106594941323,"2","NA","Tumor"
"TCGA-62-A46U-01A",35.0203027542596,"2","NA","Tumor"
"TCGA-NJ-A4YQ-01A",35.0641990049339,"2","NA","Tumor"
"TCGA-L9-A8F4-01A",35.0924554131575,"2","NA","Tumor"
"TCGA-44-A47B-01A",35.1877443692658,"2","NA","Tumor"
"TCGA-38-6178-01A",35.2235306852846,"2","NA","Tumor"
"TCGA-J2-8194-01A",35.2844583729447,"2","NA","Tumor"
"TCGA-69-7974-01A",35.3133256545033,"2","NA","Tumor"
"TCGA-50-6673-01A",35.3344304231905,"2","NA","Tumor"
"TCGA-62-8402-01A",36.2228595893863,"7","NA","Tumor"
"TCGA-75-6214-01A",36.2948577276955,"7","NA","Tumor"
"TCGA-55-6969-01A",36.9232162300544,"7","NA","Tumor"
"TCGA-93-A4JQ-01A",36.9598612013155,"2","NA","Tumor"
"TCGA-69-7764-01A",37.0565428960904,"2","NA","Tumor"
"TCGA-05-5425-01A",37.067469227112,"7","NA","Tumor"
"TCGA-91-6848-01A",37.1186894711034,"7","NA","Tumor"
"TCGA-55-A493-01A",37.1459342615967,"7","NA","Tumor"
"TCGA-50-6595-01A",37.1555561772767,"7","NA","Tumor"
"TCGA-L9-A5IP-01A",37.1733828532921,"7","NA","Tumor"
"TCGA-75-5147-01A",37.2282891135026,"7","NA","Tumor"
"TCGA-55-6975-01A",37.2928372991017,"7","NA","Tumor"
"TCGA-86-8358-01A",37.4422985004306,"7","NA","Tumor"
"TCGA-75-7027-01A",37.5437768224584,"7","NA","Tumor"
"TCGA-91-6831-01A",37.5523250155454,"7","NA","Tumor"
"TCGA-86-7711-01A",37.5545939787416,"7","NA","Tumor"
"TCGA-55-6968-01A",37.5701904826058,"7","NA","Tumor"
"TCGA-50-6590-01A",37.5707568532476,"7","NA","Tumor"
"TCGA-75-6211-01A",37.599481035836,"7","NA","Tumor"
"TCGA-78-7220-01A",37.6466907830947,"7","NA","Tumor"
"TCGA-64-5775-01A",37.6821001793527,"7","NA","Tumor"
"TCGA-44-7670-01A",37.6834200021586,"7","NA","Tumor"
"TCGA-91-6847-01A",37.7500079606711,"7","NA","Tumor"
"TCGA-95-7562-01A",37.7577480606923,"7","NA","Tumor"
"TCGA-86-8054-01A",37.7739613369061,"7","NA","Tumor"
"TCGA-78-7542-01A",37.7844183477621,"7","NA","Tumor"
"TCGA-99-8033-01A",37.7989568604822,"7","NA","Tumor"
"TCGA-78-7150-01A",37.8061483294967,"7","NA","Tumor"
"TCGA-50-5931-01A",37.8175745451405,"7","NA","Tumor"
"TCGA-80-5611-01A",37.8263805858776,"7","NA","Tumor"
"TCGA-78-7154-01A",37.8582607016953,"7","NA","Tumor"
"TCGA-44-5644-01A",37.8656708900188,"7","NA","Tumor"
"TCGA-73-4676-01A",37.8756662468084,"7","NA","Tumor"
"TCGA-55-8620-01A",37.9177555605432,"7","NA","Tumor"
"TCGA-50-5072-01A",37.9700188736572,"7","NA","Tumor"
"TCGA-64-5774-01A",37.978616675264,"7","NA","Tumor"
"TCGA-78-7146-01A",37.9920097430817,"7","NA","Tumor"
"TCGA-50-6594-01A",38.0418650317614,"7","NA","Tumor"
"TCGA-50-6591-01A",38.0440521866522,"7","NA","Tumor"
"TCGA-MP-A4TA-01A",38.0708713340018,"7","NA","Tumor"
"TCGA-05-4390-01A",38.0937222445729,"7","NA","Tumor"
"TCGA-53-7624-01A",38.116863165662,"7","NA","Tumor"
"TCGA-78-8640-01A",38.145623173787,"7","NA","Tumor"
"TCGA-78-7536-01A",38.1536717990784,"7","NA","Tumor"
"TCGA-44-5643-01A",38.2302328329024,"7","NA","Tumor"
"TCGA-05-5420-01A",38.2631485212748,"7","NA","Tumor"
"TCGA-44-7660-01A",38.2941965358158,"7","NA","Tumor"
"TCGA-55-7913-01B",38.2963564791693,"7","NA","Tumor"
"TCGA-73-7499-01A",38.3737107691786,"7","NA","Tumor"
"TCGA-86-6562-01A",38.4122414425809,"2","NA","Tumor"
"TCGA-73-A9RS-01A",38.4454611021736,"7","NA","Tumor"
"TCGA-49-6767-01A",38.4506358969544,"7","NA","Tumor"
"TCGA-95-7043-01A",38.4524232468038,"7","NA","Tumor"
"TCGA-55-5899-01A",38.5459507205897,"7","NA","Tumor"
"TCGA-91-6836-01A",38.6896711337048,"7","NA","Tumor"
"TCGA-53-A4EZ-01A",38.7673072096576,"7","NA","Tumor"
"TCGA-86-7955-01A",38.8884007248124,"7","NA","Tumor"
"TCGA-05-4415-01A",38.9215594950395,"7","NA","Tumor"
"TCGA-49-AAR9-01A",39.0845744292345,"7","NA","Tumor"
"TCGA-50-5066-01A",39.1238586802967,"7","NA","Tumor"
"TCGA-38-4632-01A",39.1872731125515,"7","NA","Tumor"
"TCGA-55-8094-01A",39.2633574924445,"7","NA","Tumor"
"TCGA-86-A4D0-01A",39.3509802025589,"7","NA","Tumor"
"TCGA-91-8499-01A",39.3829696236269,"7","NA","Tumor"
"TCGA-62-A471-01A",39.5735866934157,"7","NA","Tumor"
"TCGA-55-7570-01A",39.6488722265609,"7","NA","Tumor"
"TCGA-69-8255-01A",39.6551851926933,"7","NA","Tumor"
"TCGA-05-5428-01A",39.9935243253983,"7","NA","Tumor"
"TCGA-55-8208-01A",40.0286850515504,"2","NA","Tumor"
"TCGA-55-8299-01A",40.0853020786512,"2","NA","Tumor"
"TCGA-35-5375-01A",40.4325408564061,"7","NA","Tumor"
"TCGA-44-7667-01A",40.7138570245586,"7","NA","Tumor"
"TCGA-38-4631-01A",40.7424460779772,"7","NA","Tumor"
"TCGA-78-7161-01A",40.9721466451053,"2","NA","Tumor"
"TCGA-55-6985-01A",41.7889020864884,"2","NA","Tumor"
"TCGA-67-6215-01A",41.8207320137405,"2","NA","Tumor"
"TCGA-55-7283-01A",42.5374059452663,"2","NA","Tumor"
"TCGA-MP-A5C7-01A",43.5428263775603,"2","NA","Tumor"
"TCGA-05-4425-01A",44.8134154337734,"2","NA","Tumor"
"TCGA-75-5126-01A",44.9736843869542,"2","NA","Tumor"
"TCGA-MP-A4T4-01A",45.3481593216543,"2","NA","Tumor"
"TCGA-55-8614-01A",45.3832934350225,"2","NA","Tumor"
"TCGA-86-8669-01A",45.4564491942834,"2","NA","Tumor"
"TCGA-75-5146-01A",45.4993131800983,"2","NA","Tumor"
"TCGA-69-7980-01A",46.7230594306434,"3","NA","Tumor"
"TCGA-73-4658-01A",46.7948610392368,"6","NA","Tumor"
"TCGA-L9-A443-01A",46.8118605461589,"3","NA","Tumor"
"TCGA-80-5607-01A",46.8213748776467,"6","NA","Tumor"
"TCGA-55-6984-01A",47.0989471938418,"6","NA","Tumor"
"TCGA-64-5815-01A",47.4809680211022,"6","NA","Tumor"
"TCGA-44-7671-01A",47.483971748574,"6","NA","Tumor"
"TCGA-55-6981-01A",47.5886798755355,"6","NA","Tumor"
"TCGA-62-A46V-01A",48.469541702082,"6","NA","Tumor"
"TCGA-MN-A4N5-01A",48.6039269260328,"6","NA","Tumor"
"TCGA-97-8179-01A",48.6732952708431,"6","NA","Tumor"
"TCGA-MP-A4TI-01A",48.7288009860939,"6","NA","Tumor"
"TCGA-55-A48Z-01A",48.7386013808641,"6","NA","Tumor"
"TCGA-55-8301-01A",48.9192055646122,"6","NA","Tumor"
"TCGA-55-6983-01A",48.9217204147125,"3","NA","Tumor"
"TCGA-71-8520-01A",49.0302291968732,"6","NA","Tumor"
"TCGA-55-6986-01A",49.0525815322358,"3","NA","Tumor"
"TCGA-MP-A4TK-01A",49.0796295529947,"6","NA","Tumor"
"TCGA-NJ-A55R-01A",49.1735423990958,"6","NA","Tumor"
"TCGA-78-7152-01A",49.2297633735252,"6","NA","Tumor"
"TCGA-55-8505-01A",49.2667219707777,"6","NA","Tumor"
"TCGA-05-5423-01A",49.4249520545717,"6","NA","Tumor"
"TCGA-97-A4M3-01A",49.8469224037496,"6","NA","Tumor"
"TCGA-44-A47A-01A",50.1981592588377,"6","NA","Tumor"
"TCGA-95-A4VK-01A",50.2057827006916,"3","NA","Tumor"
"TCGA-L9-A743-01A",50.3055373014911,"3","NA","Tumor"
"TCGA-97-8171-01A",50.4349544389457,"6","NA","Tumor"
"TCGA-78-7539-01A",50.6466074010592,"6","NA","Tumor"
"TCGA-44-7672-01A",50.908591714934,"6","NA","Tumor"
"TCGA-91-A4BC-01A",51.3384343063638,"6","NA","Tumor"
"TCGA-78-8655-01A",51.4415912409207,"6","NA","Tumor"
"TCGA-93-A4JO-01A",51.4925097158692,"6","NA","Tumor"
"TCGA-50-6593-01A",51.5614818351457,"6","NA","Tumor"
"TCGA-97-8175-01A",51.586346044698,"6","NA","Tumor"
"TCGA-44-8120-01A",51.6854985118812,"3","NA","Tumor"
"TCGA-95-8039-01A",51.7432250811844,"3","NA","Tumor"
"TCGA-NJ-A4YG-01A",52.2062466366981,"6","NA","Tumor"
"TCGA-MP-A4TC-01A",52.3915159675713,"6","NA","Tumor"
"TCGA-MN-A4N4-01A",52.4246803142876,"6","NA","Tumor"
"TCGA-NJ-A4YP-01A",52.4518216287313,"6","NA","Tumor"
"TCGA-55-8090-01A",52.485658865086,"3","NA","Tumor"
"TCGA-55-8507-01A",52.4983530536237,"6","NA","Tumor"
"TCGA-05-5715-01A",52.5101271088399,"6","NA","Tumor"
"TCGA-64-1681-01A",52.5125171603841,"3","NA","Tumor"
"TCGA-NJ-A4YI-01A",52.5647679944814,"3","NA","Tumor"
"TCGA-86-8279-01A",52.6011164546937,"6","NA","Tumor"
"TCGA-78-7537-01A",52.6631788740252,"3","NA","Tumor"
"TCGA-NJ-A7XG-01A",52.7290688514811,"3","NA","Tumor"
"TCGA-91-8496-01A",52.7467691024029,"3","NA","Tumor"
"TCGA-L9-A444-01A",52.8263845810359,"6","NA","Tumor"
"TCGA-NJ-A55O-01A",52.8565831892847,"3","NA","Tumor"
"TCGA-86-8359-01A",53.2238801324875,"6","NA","Tumor"
"TCGA-67-6216-01A",53.3883432233313,"3","NA","Tumor"
"TCGA-78-7540-01A",53.5911353314889,"3","NA","Tumor"
"TCGA-44-6776-01A",53.6187525092751,"3","NA","Tumor"
"TCGA-44-A4SU-01A",53.6909297794193,"3","NA","Tumor"
"TCGA-55-8511-01A",53.8641903198827,"6","NA","Tumor"
"TCGA-99-8025-01A",53.9362518077342,"6","NA","Tumor"
"TCGA-50-5055-01A",54.3537780510346,"6","NA","Tumor"
"TCGA-78-7163-01A",54.4047599499629,"6","NA","Tumor"
"TCGA-86-A456-01A",54.4143453177886,"3","NA","Tumor"
"TCGA-99-8028-01A",54.4384937895552,"6","NA","Tumor"
"TCGA-97-8547-01A",54.4483226844701,"6","NA","Tumor"
"TCGA-55-8510-01A",54.4783669763402,"6","NA","Tumor"
"TCGA-MP-A4SW-01A",54.5111102439206,"6","NA","Tumor"
"TCGA-55-8508-01A",54.5778658297454,"6","NA","Tumor"
"TCGA-49-AARN-01A",55.1904532206274,"6","NA","Tumor"
"TCGA-78-7147-01A",55.2086608663021,"6","NA","Tumor"
"TCGA-97-8177-01A",55.7841913692984,"6","NA","Tumor"
"TCGA-62-A46Y-01A",56.2569856154484,"3","NA","Tumor"
"TCGA-69-8253-01A",56.3225795500189,"6","NA","Tumor"
"TCGA-L9-A50W-01A",56.3740259283841,"3","NA","Tumor"
"TCGA-49-AARO-01A",56.426555545753,"6","NA","Tumor"
"TCGA-55-8616-01A",56.435927310194,"6","NA","Tumor"
"TCGA-50-8460-01A",56.4959981194182,"3","NA","Tumor"
"TCGA-55-7281-01A",56.5135803363888,"6","NA","Tumor"
"TCGA-91-6849-01A",57.2782286153849,"3","NA","Tumor"
"TCGA-93-8067-01A",57.2953126348801,"6","NA","Tumor"
"TCGA-62-8397-01A",57.3082856876161,"3","NA","Tumor"
"TCGA-55-7728-01A",57.3085357065973,"3","NA","Tumor"
"TCGA-91-A4BD-01A",57.3776178827301,"6","NA","Tumor"
"TCGA-62-8398-01A",57.4049462251715,"6","NA","Tumor"
"TCGA-93-7347-01A",57.9030039149477,"3","NA","Tumor"
"TCGA-55-6980-01A",57.9157665867966,"3","NA","Tumor"
"TCGA-55-6543-01A",57.930346222519,"3","NA","Tumor"
"TCGA-97-A4M6-01A",57.9305962415002,"3","NA","Tumor"
"TCGA-86-8280-01A",57.9308462604814,"3","NA","Tumor"
"TCGA-75-6212-01A",57.9657845561043,"3","NA","Tumor"
"TCGA-78-8648-01A",58.1027429848359,"3","NA","Tumor"
"TCGA-69-8453-01A",58.1207054898881,"3","NA","Tumor"
"TCGA-49-4487-01A",58.2540290605326,"6","NA","Tumor"
"TCGA-55-8096-01A",58.2949549935126,"3","NA","Tumor"
"TCGA-44-7662-01A",58.3817366193949,"6","NA","Tumor"
"TCGA-86-A4JF-01A",58.4297370636643,"6","NA","Tumor"
"TCGA-55-8085-01A",58.4552573142859,"6","NA","Tumor"
"TCGA-75-7031-01A",58.5692917428584,"6","NA","Tumor"
"TCGA-MP-A4T7-01A",58.6028562278515,"6","NA","Tumor"
"TCGA-95-7948-01A",58.6248076759835,"6","NA","Tumor"
"TCGA-49-6742-01A",58.7026226228953,"6","NA","Tumor"
"TCGA-62-8395-01A",58.7428336759397,"3","NA","Tumor"
"TCGA-49-6761-01A",58.7475196836919,"6","NA","Tumor"
"TCGA-50-5068-01A",58.784850184515,"6","NA","Tumor"
"TCGA-38-A44F-01A",58.7881376882108,"3","NA","Tumor"
"TCGA-95-7567-01A",58.7980168755736,"6","NA","Tumor"
"TCGA-MP-A4T9-01A",58.8102023035194,"3","NA","Tumor"
"TCGA-L4-A4E5-01A",58.813724023783,"6","NA","Tumor"
"TCGA-05-5429-01A",58.8686987928084,"6","NA","Tumor"
"TCGA-44-A47G-01A",58.910735282526,"3","NA","Tumor"
"TCGA-71-6725-01A",58.9388915482327,"6","NA","Tumor"
"TCGA-49-AAR4-01A",58.9492989387679,"6","NA","Tumor"
"TCGA-55-A490-01A",58.9575325853711,"6","NA","Tumor"
"TCGA-62-8394-01A",58.9971472698024,"6","NA","Tumor"
"TCGA-MP-A4T8-01A",59.0007503152183,"6","NA","Tumor"
"TCGA-78-7153-01A",59.0297066671458,"6","NA","Tumor"
"TCGA-50-5045-01A",59.0669713203537,"6","NA","Tumor"
"TCGA-80-5608-01A",59.0803013874656,"6","NA","Tumor"
"TCGA-55-8615-01A",59.1279545269229,"6","NA","Tumor"
"TCGA-95-7039-01A",59.1785616007611,"6","NA","Tumor"
"TCGA-55-8506-01A",59.2104048780924,"6","NA","Tumor"
"TCGA-69-7979-01A",59.2473469193042,"6","NA","Tumor"
"TCGA-MP-A4TD-01A",59.2621060198877,"6","NA","Tumor"
"TCGA-78-7149-01A",59.2746630408841,"6","NA","Tumor"
"TCGA-55-6972-01A",59.3412933857193,"6","NA","Tumor"
"TCGA-95-7944-01A",59.4355344565564,"6","NA","Tumor"
"TCGA-50-5051-01A",59.4508034514086,"6","NA","Tumor"
"TCGA-55-8302-01A",59.4560388030164,"6","NA","Tumor"
"TCGA-O1-A52J-01A",59.4649867734844,"3","NA","Tumor"
"TCGA-78-8660-01A",59.5131880548548,"6","NA","Tumor"
"TCGA-97-8176-01A",59.5253185373446,"6","NA","Tumor"
"TCGA-86-8281-01A",59.5584846081138,"3","NA","Tumor"
"TCGA-49-4512-01A",59.583120215257,"6","NA","Tumor"
"TCGA-93-A4JN-01A",59.6616519751625,"3","NA","Tumor"
"TCGA-49-4488-01A",59.6878567749084,"6","NA","Tumor"
"TCGA-49-4490-01A",59.8098481909678,"6","NA","Tumor"
"TCGA-86-8585-01A",59.8380822397624,"6","NA","Tumor"
"TCGA-49-AAQV-01A",59.857200135304,"6","NA","Tumor"
"TCGA-55-A491-01A",59.938273810765,"6","NA","Tumor"
"TCGA-49-AAR3-01A",60.0885429801266,"6","NA","Tumor"
"TCGA-50-5935-01A",60.1438678905533,"3","NA","Tumor"
"TCGA-97-A4LX-01A",60.2690838133597,"3","NA","Tumor"
"TCGA-64-5778-01A",60.2963411472326,"6","NA","Tumor"
"TCGA-78-7633-01A",60.3059125132274,"3","NA","Tumor"
"TCGA-95-A4VP-01A",60.315958070551,"6","NA","Tumor"
"TCGA-95-8494-01A",60.3342983938084,"6","NA","Tumor"
"TCGA-86-8076-01A",60.3362141815328,"3","NA","Tumor"
"TCGA-55-8514-01A",60.38463082136,"6","NA","Tumor"
"TCGA-05-4405-01A",60.4119233510604,"3","NA","Tumor"
"TCGA-86-8278-01A",60.4374902160677,"3","NA","Tumor"
"TCGA-49-6744-01A",60.4633045228972,"3","NA","Tumor"
"TCGA-78-7167-01A",60.51655919882,"3","NA","Tumor"
"TCGA-86-8672-01A",60.6072732176874,"6","NA","Tumor"
"TCGA-62-A46P-01A",60.6756786689223,"6","NA","Tumor"
"TCGA-50-8459-01A",60.7269578326115,"3","NA","Tumor"
"TCGA-93-7348-01A",60.7274578705739,"3","NA","Tumor"
"TCGA-49-AAR0-01A",60.7338436985969,"6","NA","Tumor"
"TCGA-73-7498-01A",60.7454582525077,"3","NA","Tumor"
"TCGA-MP-A4TE-01A",60.8971116344969,"6","NA","Tumor"
"TCGA-97-A4M5-01A",60.9063802957148,"3","NA","Tumor"
"TCGA-78-8662-01A",60.9722755479761,"6","NA","Tumor"
"TCGA-50-5044-01A",61.0081873178612,"6","NA","Tumor"
"TCGA-49-AARE-01A",61.0370214468038,"6","NA","Tumor"
"TCGA-62-A46S-01A",61.0762491080739,"3","NA","Tumor"
"TCGA-86-8674-01A",61.1119168830619,"6","NA","Tumor"
"TCGA-49-AARQ-01A",61.2228253144933,"6","NA","Tumor"
"TCGA-86-8673-01A",61.3259502215497,"6","NA","Tumor"
"TCGA-64-5781-01A",61.3929612837969,"6","NA","Tumor"
"TCGA-86-A4P7-01A",61.4737606328838,"3","NA","Tumor"
"TCGA-MN-A4N1-01A",61.4972750131226,"6","NA","Tumor"
"TCGA-78-7166-01A",61.5007143636483,"6","NA","Tumor"
"TCGA-55-A492-01A",61.5305262392409,"6","NA","Tumor"
"TCGA-NJ-A4YF-01A",61.5527102376386,"6","NA","Tumor"
"TCGA-50-6597-01A",61.6412856120861,"6","NA","Tumor"
"TCGA-38-4632-11A",61.7323009621801,"3","NA","Normal"
"TCGA-78-7535-01A",61.749430841519,"6","NA","Tumor"
"TCGA-4B-A93V-01A",61.8961987596429,"6","NA","Tumor"
"TCGA-49-AAR2-01A",62.8103904495577,"6","NA","Tumor"
"TCGA-69-7763-01A",63.0018934505274,"5","NA","Tumor"
"TCGA-49-4514-01A",63.0360652667405,"6","NA","Tumor"
"TCGA-38-7271-01A",63.3729119382501,"5","NA","Tumor"
"TCGA-55-A48X-01A",63.520641013311,"5","NA","Tumor"
"TCGA-97-A4M0-01A",63.7271029899176,"5","NA","Tumor"
"TCGA-78-7162-01A",63.7617067523411,"4","NA","Tumor"
"TCGA-75-6206-01A",63.9374755976081,"4","NA","Tumor"
"TCGA-67-6217-01A",63.9504507691958,"4","NA","Tumor"
"TCGA-44-7659-01A",64.011308849733,"5","NA","Tumor"
"TCGA-97-A4M7-01A",64.1182701560668,"5","NA","Tumor"
"TCGA-55-8621-01A",64.1719799507073,"4","NA","Tumor"
"TCGA-69-8254-01A",64.2018336263583,"4","NA","Tumor"
"TCGA-67-4679-01B",64.4213528797362,"4","NA","Tumor"
"TCGA-55-8512-01A",64.5524010574642,"4","NA","Tumor"
"TCGA-44-2668-11A",64.5724750674803,"4","NA","Normal"
"TCGA-49-6745-11A",64.6454967143759,"5","NA","Normal"
"TCGA-55-8097-01A",64.8787693816193,"5","NA","Tumor"
"TCGA-S2-AA1A-01A",64.8936510648869,"5","NA","Tumor"
"TCGA-86-8671-01A",64.9488677241709,"5","NA","Tumor"
"TCGA-73-4676-11A",65.2472870131737,"5","NA","Normal"
"TCGA-97-7941-01A",65.3136007962684,"5","NA","Tumor"
"TCGA-97-A4M2-01A",65.478968295307,"5","NA","Tumor"
"TCGA-55-8619-01A",65.6002351307214,"5","NA","Tumor"
"TCGA-91-8497-01A",65.6150574140936,"5","NA","Tumor"
"TCGA-97-A4M1-01A",65.8522603254093,"5","NA","Tumor"
"TCGA-99-AA5R-01A",65.8558003442733,"5","NA","Tumor"
"TCGA-97-8552-01A",66.0460396755495,"5","NA","Tumor"
"TCGA-MP-A4TJ-01A",66.5482504531548,"4","NA","Tumor"
"TCGA-49-AARR-01A",66.5503685470572,"4","NA","Tumor"
"TCGA-55-8091-01A",67.0028682829377,"4","NA","Tumor"
"TCGA-55-7227-01A",67.3309423120522,"4","NA","Tumor"
"TCGA-44-2665-11A",67.3352385699815,"4","NA","Normal"
"TCGA-78-7156-01A",67.6164416900008,"4","NA","Tumor"
"TCGA-44-6777-01A",67.7174681798636,"4","NA","Tumor"
"TCGA-05-4433-01A",67.7649311582509,"4","NA","Tumor"
"TCGA-J2-A4AG-01A",67.9134649150609,"4","NA","Tumor"
"TCGA-55-7574-01A",68.5760647715329,"4","NA","Tumor"
"TCGA-05-4384-01A",68.6870888861861,"4","NA","Tumor"
"TCGA-55-A57B-01A",68.7705509623304,"4","NA","Tumor"
"TCGA-97-7547-01A",69.0091169850413,"4","NA","Tumor"
"TCGA-50-5944-01A",69.0398546528446,"4","NA","Tumor"
"TCGA-44-2666-01A",69.0552435213997,"4","NA","Tumor"
"TCGA-55-8207-01A",69.0566011202807,"4","NA","Tumor"
"TCGA-91-6835-01A",69.0882446381036,"4","NA","Tumor"
"TCGA-55-A4DG-01A",69.1815234496224,"4","NA","Tumor"
"TCGA-55-8087-01A",69.197384100195,"4","NA","Tumor"
"TCGA-J2-A4AE-01A",69.1989670591804,"4","NA","Tumor"
"TCGA-93-A4JP-01A",69.2375209166453,"4","NA","Tumor"
"TCGA-MP-A4TH-01A",69.3187188556286,"4","NA","Tumor"
"TCGA-53-7626-01A",69.3240173671376,"4","NA","Tumor"
"TCGA-91-7771-01A",69.3708993944757,"4","NA","Tumor"
"TCGA-75-7030-01A",69.4658849163329,"4","NA","Tumor"
"TCGA-97-7553-01A",69.5810770970151,"4","NA","Tumor"
"TCGA-75-7025-01A",69.6086817256156,"4","NA","Tumor"
"TCGA-55-7284-01B",69.6164307680259,"4","NA","Tumor"
"TCGA-50-8457-01A",69.6192101011646,"4","NA","Tumor"
"TCGA-J2-8192-01A",69.7422155162711,"4","NA","Tumor"
"TCGA-75-6203-01A",69.7558457644003,"4","NA","Tumor"
"TCGA-NJ-A55A-01A",69.7636161567977,"4","NA","Tumor"
"TCGA-L4-A4E6-01A",69.930140787647,"4","NA","Tumor"
"TCGA-55-7573-01A",69.974235809906,"4","NA","Tumor"
"TCGA-86-8056-01A",70.0170090112618,"4","NA","Tumor"
"TCGA-97-8172-01A",70.0957845565587,"4","NA","Tumor"
"TCGA-99-7458-01A",70.0980404474141,"4","NA","Tumor"
"TCGA-44-6147-01A",70.1199337630019,"4","NA","Tumor"
"TCGA-55-8206-01A",70.1280409697831,"4","NA","Tumor"
"TCGA-55-8513-01A",70.1650323704873,"4","NA","Tumor"
"TCGA-44-6146-01A",70.1951892128306,"4","NA","Tumor"
"TCGA-86-7714-01A",70.317541346649,"4","NA","Tumor"
"TCGA-97-8174-01A",70.4104673472033,"4","NA","Tumor"
"TCGA-50-5930-11A",70.6819418648137,"4","NA","Normal"
"TCGA-97-7938-01A",70.6982314820602,"4","NA","Tumor"
"TCGA-44-6144-11A",70.728684906027,"4","NA","Normal"
"TCGA-44-5645-11A",70.7820727156726,"4","NA","Normal"
"TCGA-44-2662-11A",70.7889726173302,"4","NA","Normal"
"TCGA-50-5942-01A",70.8274205962097,"4","NA","Tumor"
"TCGA-44-6145-11A",70.8929404896542,"4","NA","Normal"
"TCGA-44-6148-01A",70.9723698795504,"4","NA","Tumor"
"TCGA-44-2655-11A",71.0078272283424,"4","NA","Normal"
"TCGA-97-7552-01A",71.0270905887758,"4","NA","Tumor"
"TCGA-55-7816-01A",71.0276100148776,"4","NA","Tumor"
"TCGA-97-7546-01A",71.0698780079368,"4","NA","Tumor"
"TCGA-50-5931-11A",71.4162662294413,"4","NA","Normal"
"TCGA-44-6147-11A",71.5018764872306,"4","NA","Normal"
"TCGA-44-5645-01A",71.5703943117328,"4","NA","Tumor"
"TCGA-86-A4P8-01A",71.6934140918096,"4","NA","Tumor"
"TCGA-50-5935-11A",71.9235628852121,"4","NA","Normal"
"TCGA-50-5933-11A",72.3710927011572,"4","NA","Normal"
"TCGA-50-5936-11A",72.532805070494,"4","NA","Normal"
"TCGA-44-6778-11A",72.5709591824069,"4","NA","Normal"
"TCGA-44-6148-11A",72.6009462524103,"4","NA","Normal"
"TCGA-50-5932-11A",72.6348920523488,"4","NA","Normal"
"TCGA-50-5939-11A",72.7375395994969,"4","NA","Normal"
"TCGA-44-6146-11A",72.9247485759918,"4","NA","Normal"
